SessionID,fbd0e1b8-cd69-492b-b07f-536475a1e332
Time,PosX,PosY,PosZ,RotX,RotY,RotZ,Speed,TotalDistance,MouseDeltaX,MouseDeltaY,RotationalSpeed,Acceleration,HeadSwayAngle,SimAccelX,SimAccelY,SimAccelZ,SimAngVelX,SimAngVelY,SimAngVelZ
26.22965,-2.904511,7.189865,-31.09523,21.93073,38.35452,0,4.078149E-19,124.1917,-0.25,0.25,0,0,0,0,0,0,0,0,0
26.73339,-2.904511,7.189865,-31.09523,28.30713,34.46093,9.697362E-07,1.540685E-21,124.1917,0,0,0,3.336286E-20,0,2.552031E-20,1.307975E-20,1.705034E-20,0,0,0
